"query","search interest","increase percent"
"perplexity ai",6,"Breakout"
"perplexity",6,"Breakout"
"what is the primary business driver for enterprises to adopt ai agents?",3,"Breakout"
"what is an ai agent?",2,"Breakout"
"what is the name of ibm's internal ai-powered hr tool that automates over 80 hr processes for both managers and employees?",2,"Breakout"
"what is the role of the orchestrator agent in ibm's architecture for agentic ai?",1,"Breakout"
"business news today",19,"1,150%"
"ai news today",20,"1,100%"
"gemini ai",9,"130%"
"what is the term for unauthorized use of ai tools by employees without their employer's permission?",3,"70%"
"best ai tools",100,"60%"
"best ai tools for business",100,"60%"
"free ai tools for business",56,"1%"
"which of the following is a key attribute of an artificial intelligence system?",6,"-10%"
"which level of ai refers to machines that can perform any intellectual task that a human can?",7,"-20%"
"which of the following statements most accurately describes semi-structured data?",5,"-30%"
"jasper",2,"-30%"
"jasper ai",2,"-30%"
"which of the following is the level of ai that is more versatile, can handle a wider range of related tasks, and is focused on integrating ai within specific business processes?",8,"-30%"
"which of the following is an example of structured data?",5,"-40%"
"which of the following acts on behalf of people in the physical world in a way that complements human abilities?",5,"-40%"
"which of the following describes how machine learning differs from classical systems in structuring unstructured data?",5,"-40%"
"you’re working for an employer who wants to learn from social media what customers say about her products and services. which of the following is the best reason to support moving to an ai system?",5,"-50%"
"which of the following is a likely consequence of ai becoming more pervasive across industries?",5,"-50%"
"what is the primary business driver for enterprises to adopt ai agents",1,"-70%"